FID,CITY_NAME,CITY_ENG,OSTAN_NAME
0,نخل تقي,Nakhl-e Taqi,بوشهر
1,خورموج,Khormuj,بوشهر
2,كاكي,Kaki,بوشهر
3,ريز,Riz,بوشهر
4,دلوار,Delvar,بوشهر
5,بردخون,Bardkhun,بوشهر
6,آبدان,Abdan,بوشهر
7,جهرم,Jahrom,فارس
8,قطب آباد,Qotbabad,فارس
9,زاهدشهر,Zahedshahr,فارس
10,نوبندگان,Nowbandegan,فارس
11,قير,Qir,فارس
12,كارزين,Karzin,فارس
13,افزر,Afzar,فارس
14,جويم,Joyom,فارس
15,اشكنان,Ashkenan,فارس
16,اهل,Ahel,فارس
17,بيرم,Beyrom,فارس
18,خنج,Khonj,فارس
19,عسلويه,Asaluyeh,بوشهر
20,علامرودشت,Alamarvdasht,فارس
21,مهر,Mohr,فارس
22,وراوي,Varavi,فارس
23,پارسيان,Parsiyan,هرمزگان
24,گله دار,Galehdar,فارس
25,بندركنگان,Bandar-e Kangan,بوشهر
26,بنك,Banak,بوشهر
27,جم,Jam,بوشهر
28,بندردير,Bandar-e Dayyer,بوشهر
29,طاهري,Taheri,بوشهر
30,اوز,Evaz,فارس
31,امام شهر,Emamshahr,فارس
32,كوشكنار,Kushkonar,هرمزگان
33,مبارك آباد,Mobarakabad,فارس
34,لامرد,Lamerd,فارس
35,شادگان,Shadegan,خوزستان
36,لالي,Lali,خوزستان
37,شوشتر,Shushtar,خوزستان
38,گتوند,Gotvand,خوزستان
39,سالند,Saland,خوزستان
40,حر,Hor,خوزستان
41,شوش,Shush,خوزستان
42,ميانرود,Miyanrud,خوزستان
43,صفي اباد,Safiabad,خوزستان
44,دزآب,Dezab,خوزستان
45,دزفول,Dezful,خوزستان
46,بستان,Bostan,خوزستان
47,رفيع,Rafi,خوزستان
48,هويزه,Hoveyzeh,خوزستان
49,سوسنگرد,Susangerd,خوزستان
50,حميديه,Hamidiyeh,خوزستان
51,شيبان,Sheyban,خوزستان
52,ويس,Veys,خوزستان
53,ملاثاني,Molasani,خوزستان
54,مقاومت,Moqavemat,خوزستان
55,خرمشهر,Khorramshahr,خوزستان
56,آبادان,Abadan,خوزستان
57,بندرماهشهر,Bandar-e Mahshahr,خوزستان
58,چمران,Chamran,خوزستان
59,اروندكنار,Arvandkenar,خوزستان
60,حمزه,Hamzeh,خوزستان
61,صالح شهر,Salehshahr,خوزستان
62,تركالكي,Torkalaki,خوزستان
63,شرافت,Sharafat,خوزستان
64,الوان,Alvan,خوزستان
65,دارخوين,Darkhoveyn,خوزستان
66,چوئبده,Choabdeh,خوزستان
67,اهواز,Ahvaz,خوزستان
68,مينوشهر,Minushahr,خوزستان
69,كلمه,Kolmeh,بوشهر
70,اهرم,Ahram,بوشهر
71,چغادك,Choghadak,بوشهر
72,سده,Sedeh,فارس
73,سي سخت,Sisakht,كهگيلويه وبويراحمد
74,باشت,Basht,كهگيلويه وبويراحمد
75,كامفيروز,Kamfiruz,فارس
76,اردكان,Ardakan,فارس
77,مصيري,Masiri,فارس
78,نورآباد,Nurabad,فارس
79,مرودشت,Marvdasht,فارس
80,آباده طشك,Abadehtashk,فارس
81,ارسنجان,Arsanjan,فارس
82,زرقان,Zarqan,فارس
83,خرامه,Kharameh,فارس
84,سروستان,Sarvestan,فارس
85,رونيز,Runiz,فارس
86,لپوئي,Lapuee,فارس
87,داريان,Daryan,فارس
88,سورشجان,Surshjan,چهارمحال وبختياري
89,جونقان,Junaqan,چهارمحال وبختياري
90,طاقانك,Taqanak,چهارمحال وبختياري
91,عقدا,Aqda,يزد
92,ندوشن,Nedushan,يزد
93,كازرون,Kazerun,فارس
94,خشت,Khesht,فارس
95,قائميه,Qaemiyeh,فارس
96,بالاده,Baladeh,فارس
97,نودان,Nowdan,فارس
98,برازجان,Borazjan,بوشهر
99,دالكي,Dalaki,بوشهر
100,تنگ ارم,Tang-e Eram,بوشهر
101,سعدآباد,Sadabad,بوشهر
102,وحدتيه,Vahdatiyeh,بوشهر
103,باب انار,Babanar,فارس
104,خاوران,Khavaran,فارس
105,فسا,Fasa,فارس
106,ششده,Sheshdeh,فارس
107,شبانكاره,Shabankareh,بوشهر
108,بندرگناوه,Bandar-e Genaveh,بوشهر
109,بندرريگ,Bandar-e Rig,بوشهر
110,خارك,Khark,بوشهر
111,امام حسن,Emamhasan,بوشهر
112,نصرآباد,Nasrabad,اصفهان
113,فرادنبه,Faradonbeh,چهارمحال وبختياري
114,اقليد,Eqlid,فارس
115,صفاشهر,Safashahr,فارس
116,بوانات,Bavanat,فارس
117,قادرآباد,Qaderabad,فارس
118,سعادت شهر,Saadatshahr,فارس
119,كره اي,Korehee,فارس
120,گندمان,Gandoman,چهارمحال وبختياري
121,دهاقان,Dehaqan,اصفهان
122,ايزدخواست,Izadkhast,فارس
123,كمه,Komeh,اصفهان
124,ونك,Vanak,اصفهان
125,آلوني,Aloni,چهارمحال وبختياري
126,مال خليفه,Malkhalifeh,چهارمحال وبختياري
127,خضرآباد,Khezrabad,يزد
128,سوق,Suq,كهگيلويه وبويراحمد
129,لنده,Lendeh,كهگيلويه وبويراحمد
130,بهبهان,Behbahan,خوزستان
131,زهره,Zohreh,خوزستان
132,سردشت,Sardasht,خوزستان
133,آبپخش,Abpakhsh,بوشهر
134,بيضا,Beyza,فارس
135,سميرم,Semirom,اصفهان
136,حنا,Hana,اصفهان
137,بهمن,Bahman,فارس
138,بروجن,Borujen,چهارمحال وبختياري
139,بلداجي,Boldaji,چهارمحال وبختياري
140,صغاد,Soghad,فارس
141,آباده,Abadeh,فارس
142,سورمق,Suemaq,فارس
143,ابركوه,Abarkuh,يزد
144,مهردشت,Mehrdasht,يزد
145,ميبد,Meybod,يزد
146,اردكان,Ardakan,يزد
147,احمدآباد,Ahmadabad,يزد
148,ورزنه,Varzaneh,اصفهان
149,حسن آباد,Hasanabad,اصفهان
150,هرند,Harand,اصفهان
151,اژيه,Ezhiyeh,اصفهان
152,نيك آباد,Nikabad,اصفهان
153,محمدآباد,Mohammadabad,اصفهان
154,شهرضا,Shahreza,اصفهان
155,منظريه,Manzariyeh,اصفهان
156,بهارستان,Baharestan,اصفهان
157,فلاورجان,Falavarjan,اصفهان
158,كليشادوسودرجان,Kelisad va Suderjan,اصفهان
159,بهاران شهر,Baharanshahr,اصفهان
160,پيربكران,Pirbakran,اصفهان
161,ايمانشهر,Imanshahr,اصفهان
162,فولادشهر,Fuladshahr,اصفهان
163,زيباشهر,Zibashahr,اصفهان
164,ديزيچه,Dizicheh,اصفهان
165,ابريشم,Abrisham,اصفهان
166,مباركه,Mobarakeh,اصفهان
167,كركوند,Karkavand,اصفهان
168,ورنامخواست,Varnamkhast,اصفهان
169,سده لنجان,Sedeh-ye Lenjan,اصفهان
170,زاينده رود,Zayandehrud,اصفهان
171,باغ بهادران,Baghbahadoran,اصفهان
172,چرمهين,Charmahin,اصفهان
173,قهدريجان,Qahdarijan,اصفهان
174,طالخونچه,Talkhuncheh,اصفهان
175,سفيددشت,Sefiddasht,چهارمحال وبختياري
176,فرخ شهر,Farokhshahr,چهارمحال وبختياري
177,گهرو,Gahru,چهارمحال وبختياري
178,شلمزار,Shalamzar,چهارمحال وبختياري
179,هفشجان,Hafshejan,چهارمحال وبختياري
180,باباحيدر,Babaheydar,چهارمحال وبختياري
181,شهركرد,Sahrekord,چهارمحال وبختياري
182,فارسان,Farsan,چهارمحال وبختياري
183,كيان,Kiyan,چهارمحال وبختياري
184,نافچ,Nafch,چهارمحال وبختياري
185,سامان,Saman,چهارمحال وبختياري
186,بن,Ben,چهارمحال وبختياري
187,سودجان,Sudejan,چهارمحال وبختياري
188,چلگرد,Chelgerd,چهارمحال وبختياري
189,قلعه خواجه,Qalehkhajeh,خوزستان
190,ناغان,Naghan,چهارمحال وبختياري
191,دهدز,Dehdez,خوزستان
192,قلعه تل,Qalehtol,خوزستان
193,باغ ملك,Baghmalek,خوزستان
194,رامهرمز,Ramhormoz,خوزستان
195,هفتگل,Haftgel,خوزستان
196,ايذه,Izeh,خوزستان
197,صيدون,Seydun,خوزستان
198,ديشموك,Dishmok,كهگيلويه وبويراحمد
199,قلعه رئيسي,Qalehreesi,كهگيلويه وبويراحمد
200,لردگان,Lordegan,چهارمحال وبختياري
201,زرين شهر,Zarrinshahr,اصفهان
202,چمگردان,Chamgordan,اصفهان
203,اردل,Ardal,چهارمحال وبختياري
204,رامشير,Ramshir,خوزستان
205,اميديه,Omidiyeh,خوزستان
206,هنديجان,Hendijan,خوزستان
207,جايزان,Jayezan,خوزستان
208,آغاجاري,Aghajari,خوزستان
209,ليكك,Likak,كهگيلويه وبويراحمد
210,بندرديلم,Bandar-e Deylam,بوشهر
211,دهدشت,Dehdasht,كهگيلويه وبويراحمد
212,چرام,Choram,كهگيلويه وبويراحمد
213,دوگنبدان,Dogonbadan,كهگيلويه وبويراحمد
214,گراب سفلي,Garab-e Sofla,كهگيلويه وبويراحمد
215,مارگون,Margun,كهگيلويه وبويراحمد
216,سيدان,Seydan,فارس
217,كنارتخته, ,فارس
218,كوار,Kovar,فارس
219,نقنه,Naqneh,چهارمحال وبختياري
220,مادوان,Madavan,كهگيلويه وبويراحمد
221,دژکرد,Dozhkord,فارس
222,بفروئيه,Bafrueeyeh,يزد
223,جوزدان,Juzdan,اصفهان
224,ياسوج,Yasuj,كهگيلويه وبويراحمد
225,شيراز,Shiraz,فارس
226,بوشهر,Bushehr,بوشهر
227,جيرفت,Jiroft,كرمان
228,مردهك,Mardehak,كرمان
229,رودبار,Rudbar,كرمان
230,حاجي آباد,Hajiabad,هرمزگان
231,فارغان,Fareghan,هرمزگان
232,داراب,Darab,فارس
233,جنت شهر,Jannatshahr,فارس
234,شهرپير,Shahr-e Pir,فارس
235,دبيران,Dabiran,فارس
236,حاجي آباد,Hajiabad,فارس
237,هرمز,Hormoz,هرمزگان
238,فين,Fin,هرمزگان
239,لار,Lar,فارس
240,گراش,Gerash,فارس
241,بستك,Bastak,هرمزگان
242,جناح,Jenah,هرمزگان
243,خور,Khor,فارس
244,ميناب,Minab,هرمزگان
245,قلعه گنج,Qalehganj,كرمان
246,كهنوج,Kahnuj,كرمان
247,زيارتعلي,Ziyaratali,هرمزگان
248,منوجان,Manujan,كرمان
249,دهبارز,Dehbarez,هرمزگان
250,نودژ,Nodezh,كرمان
251,فدامي,Fadami,فارس
252,ارزوئيه,Orzueeyeh,كرمان
253,عنبرآباد,Anbarabad,كرمان
254,فارياب,Faryab,كرمان
255,لطيفي,Latifi,فارس
256,رويدر,Ruydar,هرمزگان
257,هشتبندي,Hashtbandi,هرمزگان
258,بيكاه,Bikah,هرمزگان
259,كنگ,Kong,هرمزگان
260,بندرلنگه,Bandar-e Lengeh,هرمزگان
261,بندرچارك,Bandar-e Charak,هرمزگان
262,درگهان,Dargahan,هرمزگان
263,سوزا,Suza,هرمزگان
264,قشم,Qeshm,هرمزگان
265,خمير,Khamir,هرمزگان
266,سيريك,Sirik,هرمزگان
267,بندرجاسك,Bandar-e jask,هرمزگان
268,ابوموسي,Abumusa,هرمزگان
269,بندرعباس,Bandarabbas,هرمزگان
270,محمدآباد,Mohammadabad,كرمان
271,نگور,Negur,سيستان وبلوچستان
272,گلمورتي,Golmorti,سيستان وبلوچستان
273,بنت,Bent,سيستان وبلوچستان
274,فنوج,Fanuj,سيستان وبلوچستان
275,چابهار,Chabahar,سيستان وبلوچستان
276,كنارك,Konarak,سيستان وبلوچستان
277,خاش,Khash,سيستان وبلوچستان
278,نوك آباد,Nukabad,سيستان وبلوچستان
279,ايرانشهر,Iranshahr,سيستان وبلوچستان
280,بمپور,Bampur,سيستان وبلوچستان
281,بزمان,Bazman,سيستان وبلوچستان
282,محمدان,Mohamadan,سيستان وبلوچستان
283,زابلي,Zaboli,سيستان وبلوچستان
284,سوران,Suran,سيستان وبلوچستان
285,سراوان,Saravan,سيستان وبلوچستان
286,جالق,Jalq,سيستان وبلوچستان
287,هيدوج,Hiduj,سيستان وبلوچستان
288,گشت,Gasht,سيستان وبلوچستان
289,محمدي,Mohammadi,سيستان وبلوچستان
290,نيك شهر,Nikshahr,سيستان وبلوچستان
291,قصرقند,Qasreqand,سيستان وبلوچستان
292,سرباز,Sarbaz,سيستان وبلوچستان
293,راسك,Rask,سيستان وبلوچستان
294,اسپكه,Espakeh,سيستان وبلوچستان
295,سيركان,Sirkan,سيستان وبلوچستان
296,پيشين,Pishin,سيستان وبلوچستان
297,بافق,Bafq,يزد
298,پاريز,Pariz,كرمان
299,سيرجان,Sirjan,كرمان
300,بافت,Baft,كرمان
301,رابر,Rabor,كرمان
302,بردسير,Bardsir,كرمان
303,نجف شهر,Najafshahr,كرمان
304,زيدآباد,Zeydabad,كرمان
305,بزنجان,Bezanjan,كرمان
306,نگار,Negar,كرمان
307,مس سرچشمه,Mes-e Sarcheshmeh,كرمان
308,رفسنجان,Rafsanjan,كرمان
309,كشكوئيه,Koshkueeyeh,كرمان
310,زرند,Zarand,كرمان
311,چترود,Chatrud,كرمان
312,زنگي آباد,Zangiabad,كرمان
313,باغين,Baghin,كرمان
314,بهرمان,Bahreman,كرمان
315,اختيارآباد,Ekhtiyarabad,كرمان
316,ريحان,Reyhan,كرمان
317,ني ريز,Neyriz,فارس
318,ايج,Ij,فارس
319,مشكان,Moshkan,فارس
320,ماهان,Mahan,كرمان
321,جوپار,Jupar,كرمان
322,شهداد,Shahdad,كرمان
323,اندوهجرد,Anduhjerd,كرمان
324,نظام شهر,Nezamshahr,كرمان
325,بم,Bam,كرمان
326,بروات,Baravat,كرمان
327,گلزار,Golzar,كرمان
328,راين,Rayen,كرمان
329,درب بهشت,Darb-e Behesht,كرمان
330,گلباف,Golbaf,كرمان
331,مروست,Marvast,يزد
332,هرات,Harat,يزد
333,دهج,Dehaj,كرمان
334,شهربابك,Shahrebabak,كرمان
335,محي آباد,Mohiabad,كرمان
336,نير,Nir,يزد
337,مهريز,Mehriz,يزد
338,تفت,Taft,يزد
339,شاهديه,Shahediyeh,يزد
340,زارچ,Zarch,يزد
341,بهاباد,Bahabad,يزد
342,كوهبنان,Kuhbanan,كرمان
343,كيانشهر,Kiyanshahr,كرمان
344,راور,Ravar,كرمان
345,انار,Anar,كرمان
346,امين شهر,Aminshahr,كرمان
347,يزدان شهر,Yazdanshahr,كرمان
348,خانوك,Khanuk,كرمان
349,كاظم آباد,Kazemabad,كرمان
350,هجدك,Hojadk,كرمان
351,جبالبارز,Jebalbarez,كرمان
352,جوزم,Javazm,كرمان
353,خورسند,Khorsand,كرمان
354,اشكذر,Ashkezar,يزد
355,حميديا,Hamidiya,يزد
356,يزد,Yazd,يزد
357,كرمان,Kerman,كرمان
358,فهرج,Fahraj,كرمان
359,نرماشير,Narmashir,كرمان
360,نهبندان,Nehbandan,خراسان جنوبي
361,شوسف,Shusf,خراسان جنوبي
362,اديمي,Adimi,سيستان وبلوچستان
363,زابل,Zabol,سيستان وبلوچستان
364,بنجار,Bonjar,سيستان وبلوچستان
365,دوست محمد,Dustmohammad,سيستان وبلوچستان
366,محمدآباد,Mohammadabad,سيستان وبلوچستان
367,زهك,Zahak,سيستان وبلوچستان
368,نصرت آباد,Nosratabad,سيستان وبلوچستان
369,علي اكبر,Aliakbar,سيستان وبلوچستان
370,ميرجاوه,Mirjaveh,سيستان وبلوچستان
371,زاهدان,Zahedan,سيستان وبلوچستان
372,آستارا,Astara,گيلان
373,قدس,Qods,تهران
374,گرمدره,Garmdareh,تهران
375,چهاردانگه,Chahardangeh,تهران
376,تهران,Tehran,تهران
377,ري,Rey,تهران
378,تجريش,Tajrish,تهران
379,تبريز,Tabriz,آذربايجان شرقي
380,هندودر,Hodudar,مركزي
381,نياسر,Niyasar,اصفهان
382,جوشقان وكامو,Joshaqan va Kamu,اصفهان
383,برزك,Barzok,اصفهان
384,مؤمن آباد,Momenabad,لرستان
385,كمشچه,Komshecheh,اصفهان
386,كهريزسنگ,Kahrizsang,اصفهان
387,آران وبيدگل,Aran va Bidgol,اصفهان
388,نوش آباد,Nushabad,اصفهان
389,انارك,Anarak,اصفهان
390,وحيديه,Vahidiyeh,تهران
391,فردوسيه,Ferdosiyeh,تهران
392,شاهدشهر,Shahedshahr,تهران
393,صباشهر,Sabashahr,تهران
394,نسيم شهر,Nasimshahr,تهران
395,رباط كريم,Robatkarim,تهران
396,گلستان,Golestan,تهران
397,صالح آباد,Salehabad,تهران
398,حسن آباد,Hasanabad,تهران
399,اسلامشهر,Eslamshahr,تهران
400,كهريزك,Kahrizak,تهران
401,باقرشهر,Baqershahr,تهران
402,جوادآباد,Javadabad,تهران
403,پيشوا,Pishva,تهران
404,ورامين,Varamin,تهران
405,قرچك,Qarchak,تهران
406,پاكدشت,Pakdasht,تهران
407,شريف آباد,Sharifabad,تهران
408,لواسان,Lavasan,تهران
409,بومهن,Bumehen,تهران
410,پرديس,Pardis,تهران
411,رودهن,Rudehen,تهران
412,آبعلي,Abali,تهران
413,دماوند,Damavand,تهران
414,ايوانكي,Eyvanekey,سمنان
415,گرمسار,Garmsar,سمنان
416,آرادان,Aradan,سمنان
417,فشم,Fesham,تهران
418,آبسرد,Absard,تهران
419,كيلان,Kilan,تهران
420,گزنك,Gazank,مازندران
421,غرق آباد,Gharqabad,مركزي
422,نوبران,Nowbaran,مركزي
423,دانسفهان,Danesfahan,قزوين
424,شال,Shal,قزوين
425,اسفرورين,Esfarvarin,قزوين
426,بوئين زهرا,Bueenzahra,قزوين
427,نرجه,Narjeh,قزوين
428,اشتهارد,Eshtehard,تهران
429,نظرآباد,Nazarabad,تهران
430,هشتگرد,Hashtgerd,تهران
431,كمال شهر,Kamalshahr,تهران
432,كرج,Karraj,تهران
433,مشكين دشت,Meshkindasht,تهران
434,محمدشهر,Mohammadshahr,تهران
435,ماهدشت,Mahdasht,تهران
436,صفادشت,Safadasht,تهران
437,نراق,Naraq,مركزي
438,كهك,Kahak,قم
439,سنجان,Senjan,مركزي
440,دستجرد,Dastjerd,قم
441,داودآباد,Davudabad,مركزي
442,مريانج,Maryanaj,همدان
443,جورقان,Joraqan,همدان
444,جوكار,Jowkar,همدان
445,توره,Tureh,مركزي
446,دمق,Damaq,همدان
447,زرين رود,Zarrinrud,زنجان
448,شيرين سو,Shirinsu,همدان
449,ضياءآباد,Ziyaabad,قزوين
450,حميل,Homeyl,كرمانشاه
451,معمولان,Mamulan,لرستان
452,چقابل,Cheqabol,لرستان
453,كوناني,Kunani,لرستان
454,توحيد,Towhid,ايلام
455,لومار,Lowmar,ايلام
456,دره شهر,Darrehshahr,ايلام
457,پهله,Pahleh,ايلام
458,كوزران,Kuzaran,كرمانشاه
459,كامياران,Kamyaran,كردستان
460,هلشي,Halashi,كرمانشاه
461,موچش,Muchesh,كردستان
462,شهميرزاد,Shahmirzad,سمنان
463,مهدي شهر,Mahdishahr,سمنان
464,سمنان,Semnan,سمنان
465,فيروزكوه,Firuzkuh,تهران
466,ارجمند,Arjmand,تهران
467,رينه,Rineh,مازندران
468,رازقان,Razqan,مركزي
469,نصيرآباد,Nasirabad,تهران
470,بيستون,Bisetun,كرمانشاه
471,صحنه,Sahneh,كرمانشاه
472,سنقر,Sonqor,كرمانشاه
473,سطر,Satar,كرمانشاه
474,ميان راهان,Miyanrahan,كرمانشاه
475,نورآباد,Nurabad,لرستان
476,هرسين,Harsin,كرمانشاه
477,كنگاور,Kangavar,كرمانشاه
478,صالح آباد,Salehabad,همدان
479,برزول,Barzul,همدان
480,فيروزان,Firuzan,همدان
481,قروه,Qorveh,كردستان
482,بيجار,Bijar,كردستان
483,دزج,Dezaj,كردستان
484,دلبران,Delbaran,كردستان
485,گرماب,Garmab,زنجان
486,گل تپه,Goltappeh,همدان
487,خنداب,Khandab,مركزي
488,گيان,Giyan,همدان
489,قنوات,Qanavat,قم
490,خرمدشت,Khorramdasht,قزوين
491,سرخه,Sorkheh,سمنان
492,نائين,Naeen,اصفهان
493,تودشك,Tudeshk,اصفهان
494,كوهپايه,Kuhpayeh,اصفهان
495,سگزي,Segzi,اصفهان
496,حبيب آباد,Habibabad,اصفهان
497,دولت آباد,Dowlatabad,اصفهان
498,دستگرد,Dastgerd,اصفهان
499,خورزوق,khorzuq,اصفهان
500,گز,Gaz-e Borkhar,اصفهان
501,خوراسگان,Khorasgan,اصفهان
502,خميني شهر,Khomeynishahr,اصفهان
503,گلدشت,Goldasht,اصفهان
504,تيران,Tiran,اصفهان
505,رضوانشهر,Rezvanshahr,اصفهان
506,چادگان,Chadegan,اصفهان
507,عسگران,Asgaran,اصفهان
508,رزوه,Rozveh,اصفهان
509,داران,Daran,اصفهان
510,فريدونشهر,Fereydunshahr,اصفهان
511,برف انبار,Barfanbar,اصفهان
512,حسينيه,Hoseyniyeh,خوزستان
513,آبدانان,Abdanan,ايلام
514,مورموري,Murmuri,ايلام
515,دهلران,Dehloran,ايلام
516,موسيان,Musiyan,ايلام
517,ايوان,Eyvan,ايلام
518,زرنه,Zarneh,ايلام
519,آسمان آباد,Asemanabad,ايلام
520,ايلام,Ilam,ايلام
521,چوار,Chovar,ايلام
522,مهران,Mehran,ايلام
523,سومار,Sumar,كرمانشاه
524,صالح آباد,Salehabad,ايلام
525,نجف آباد,Najafabad,اصفهان
526,شاهين شهر,Shahinshahr,اصفهان
527,كوشك,Keveshk,اصفهان
528,سرابله,Sarableh,ايلام
529,درب گنبد,Darb-e Gonbad,لرستان
530,كوهدشت,Kuhdasht,لرستان
531,گراب,Garab,لرستان
532,بدره,Badreh,ايلام
533,اركواز,Arkavaz,ايلام
534,ميمه,Meymeh,ايلام
535,پلدختر,Poldokhtar,لرستان
536,سپيددشت,Sepiddasht,لرستان
537,ويسيان,Veysiyan,لرستان
538,سراب دوره,Sarabdowreh,لرستان
539,الشتر,Alashtar,لرستان
540,فيروزآباد,Firuzabad,لرستان
541,زاغه,Zagheh,لرستان
542,چغلوندي,Chaghalvandi,لرستان
543,چالانچولان,Chalanchulan,لرستان
544,دورود,Dorud,لرستان
545,شازند,Shazand,مركزي
546,آستانه,Astaneh,مركزي
547,ازنا,Azna,لرستان
548,اليگودرز,Aligudarz,لرستان
549,قورچي باشي,Qurchibashi,مركزي
550,خمين,Khomeyn,مركزي
551,بوئين ومياندشت,Bueen va Miyandasht,اصفهان
552,افوس,Afus,اصفهان
553,دامنه,Damaneh,اصفهان
554,خوانسار,Khansar,اصفهان
555,گلپايگان,Golpayegan,اصفهان
556,گوگد,Gugad,اصفهان
557,گلشهر,Golshahr,اصفهان
558,محلات,Mahallat,مركزي
559,نيمور,Nimvar,مركزي
560,بروجرد,Borujerd,لرستان
561,دليجان,Delijan,مركزي
562,دهق,Dehaq,اصفهان
563,علويچه,Alavicheh,اصفهان
564,وزوان,Vezvan,اصفهان
565,ميمه,Meymeh,اصفهان
566,اردستان,Ardestan,اصفهان
567,زواره,Zavareh,اصفهان
568,مهاباد,Mahabad,اصفهان
569,بادرود,Badrud,اصفهان
570,خالدآباد,Khaledabad,اصفهان
571,نطنز,Natanz,اصفهان
572,قمصر,Qamsar,اصفهان
573,ابوزيدآباد,Abuzeydabad,اصفهان
574,كاشان,Kashan,اصفهان
575,ازگله,Azgeleh,كرمانشاه
576,سرپل ذهاب,Sarpol-e Zahab,كرمانشاه
577,كرندغرب,Kerend-e Gharb,كرمانشاه
578,گهواره,Gahvareh,كرمانشاه
579,تازه آباد,Tazehabad,كرمانشاه
580,باينگان,Bayangan,كرمانشاه
581,جوانرود,Javanrud,كرمانشاه
582,قصرشيرين,Qasreshirin,كرمانشاه
583,گيلانغرب,Gilanegharb,كرمانشاه
584,سرمست,Sarmast,كرمانشاه
585,اسلام آبادغرب,Eslamabad-e Gharb,كرمانشاه
586,روانسر,Ravansar,كرمانشاه
587,رباط,Robat,كرمانشاه
588,اسدآباد,Asadabad,همدان
589,نهاوند,Nahavand,همدان
590,فرسفج,Farsfaj,همدان
591,تويسركان,Tuyserkan,همدان
592,سركان,Serkan,همدان
593,لالجين,Lalehjin,همدان
594,بهار,Bahar,همدان
595,ازندريان,Azandariyan,همدان
596,سامن,Samen,همدان
597,اشترينان,Oshtorinan,لرستان
598,ملاير,Malayer,همدان
599,زنگنه,Zanganeh,همدان
600,قهاوند,Qahavand,همدان
601,ميلاجرد,Milajerd,مركزي
602,كميجان,Komijan,مركزي
603,مهاجران,Mohajeran,مركزي
604,فرمهين,Farmahin,مركزي
605,آشتيان,Ashtiyan,مركزي
606,تفرش,Tafresh,مركزي
607,جعفريه,Jafariyeh,قم
608,مشكات,Meshkat,اصفهان
609,سفيدشهر,Sefidshahr,اصفهان
610,مريوان,Marivan,كردستان
611,پاوه,Paveh,كرمانشاه
612,نودشه,Nodesheh,كرمانشاه
613,نوسود,Nowsud,كرمانشاه
614,آرمرده,Armardeh,كردستان
615,بوئين سفلي,Bueen-e Sofla,كردستان
616,بانه,Baneh,كردستان
617,سروآباد,Sarvabad,كردستان
618,چناره,Chenareh,كردستان
619,شويشه,Shoveysheh,كردستان
620,سنندج,Sanandaj,كردستان
621,ديواندره,Divandarreh,كردستان
622,دهگلان,Dehgolan,كردستان
623,بابارشاني,Babarshani,كردستان
624,سريش آباد,Serishabad,كردستان
625,كبودرآهنگ,Kabudarahang,همدان
626,فامنين,Famenin,همدان
627,قروه درجزين,Qorvehdarjazin,همدان
628,رزن,Razan,همدان
629,آوج,Avaj,قزوين
630,آبگرم,Abgarm,قزوين
631,سگزآباد,Sagzabad,قزوين
632,ساوه,Saveh,مركزي
633,مأمونيه,Mamuniyeh,مركزي
634,زاويه,Zaviyeh,مركزي
635,پرندك,Parandak,مركزي
636,شهرجديدهشتگرد,Shahr-e Jadid-e Hashtgerd,تهران
637,كوهسار,Kuhsar,تهران
638,چهارباغ,Chaharbagh,تهران
639,انديشه,Andisheh,تهران
640,شهريار,Shahriyar,تهران
641,ملارد,Malard,تهران
642,باغستان,Baghestan,تهران
643,خشكرود,Khoshkrud,مركزي
644,تنكمان,Tankaman,تهران
645,سيف آباد,Seyfabad,تهران
646,درجزين,Darjazin,سمنان
647,لاي بيد,Laybid,اصفهان
648,دلگشا,Delgosha,ايلام
649,گرگاب,Gorgab,اصفهان
650,قطور,Qotur,آذربايجان غربي
651,سهرورد,Sohrevard,زنجان
652,سلفچگان,Salafchegan,قم
653,قهجاورستان,Qahjaverestan,اصفهان
654,هشتجين,Hashtjin,اردبيل
655,آقكند,Aqkand,آذربايجان شرقي
656,فومن,Fuman,گيلان
657,مرجقل,Marjaqal,گيلان
658,بازارجمعه,Bazarjomeh,گيلان
659,كورائيم,Kurayim,اردبيل
660,گيوي,Givi,اردبيل
661,خلخال,Khalkhal,اردبيل
662,كلور,Kolur,اردبيل
663,هشتپر,Hashtpar,گيلان
664,اسالم,Asalem,گيلان
665,پره سر,Parehsar,گيلان
666,رضوانشهر,Rezvanshahr,گيلان
667,ماسال,Masal,گيلان
668,گوراب زرميخ,Gurabzarmikh,گيلان
669,صومعه سرا,Sumehsara,گيلان
670,شفت,Shaft,گيلان
671,احمدسرگوراب,Ahmad Sargurab,گيلان
672,چوبر,Chubar,گيلان
673,ماسوله,Masuleh,گيلان
674,زرنق,Zarnaq,آذربايجان شرقي
675,كليبر,Kalibar,آذربايجان شرقي
676,هوراند,Horand,آذربايجان شرقي
677,لاهرود,Lahrud,اردبيل
678,مشگين شهر,Meshginshahr,اردبيل
679,اهر,Ahar,آذربايجان شرقي
680,هريس,Haris,آذربايجان شرقي
681,ورزقان,Varzeqan,آذربايجان شرقي
682,مهربان,Mehraban,آذربايجان شرقي
683,كلوانق,Kelvanaq,آذربايجان شرقي
684,بخشايش,Bakhshayesh,آذربايجان شرقي
685,نير,Nir,اردبيل
686,خواجه,Khajeh,آذربايجان شرقي
687,ليلان,Leylan,آذربايجان شرقي
688,خسروشهر,Khosrowshahr,آذربايجان شرقي
689,ايلخچي,Ilkhchi,آذربايجان شرقي
690,اسكو,Osku,آذربايجان شرقي
691,ممقان,Mamaqan,آذربايجان شرقي
692,گوگان,Gowgan,آذربايجان شرقي
693,قوشچي,Qushchi,آذربايجان غربي
694,نوشين,Nushin,آذربايجان غربي
695,باسمنج,Basmanj,آذربايجان شرقي
696,آذرشهر,Azarshahr,آذربايجان شرقي
697,اشنويه,Oshnaviyeh,آذربايجان غربي
698,عجب شير,Ajabshir,آذربايجان شرقي
699,بناب,Bonab,آذربايجان شرقي
700,مراغه,Maragheh,آذربايجان شرقي
701,ملكان,Malakan,آذربايجان شرقي
702,چهاربرج,Chaharborj,آذربايجان غربي
703,رضي,Razi,اردبيل
704,آبي بيگلو,Abibeyglu,اردبيل
705,عنبران,Anbaran,اردبيل
706,نمين,Namin,اردبيل
707,هير,Hir,اردبيل
708,سرعين,Sareyn,اردبيل
709,آواجيق,Avajiq,آذربايجان غربي
710,ماكو,Maku,آذربايجان غربي
711,شوط,Shut,آذربايجان غربي
712,بازرگان,Bazargan,آذربايجان غربي
713,سيه چشمه,Siyahcheshmeh,آذربايجان غربي
714,كوهين,Kuhin,قزوين
715,تاكستان,Takestan,قزوين
716,ارداق,Ardaq,قزوين
717,محمودآبادنمونه,Mahmudabad-e Nemuneh,قزوين
718,اقباليه,Eqbaliyeh,قزوين
719,قزوين,Qazvin,قزوين
720,الوند,Alvand,قزوين
721,بيدستان,Bidestan,قزوين
722,محمديه,Mohammadiyeh,قزوين
723,خاكعلي,Khakali,قزوين
724,آبيك,Abyek,قزوين
725,طالقان,Taleqan,تهران
726,معلم كلايه,Moalemkelayeh,قزوين
727,رازميان,Razmiyan,قزوين
728,لوشان,Lowshan,گيلان
729,بره سر,Barehsar,گيلان
730,جيرنده,Jirandeh,گيلان
731,توتكابن,Tutkabon,گيلان
732,ديلمان,Deylaman,گيلان
733,شاهين دژ,Shahindezh,آذربايجان غربي
734,محمودآباد,Mahmudabad,آذربايجان غربي
735,زرينه,Zarrineh,كردستان
736,تكاب,Takab,آذربايجان غربي
737,ماه نشان,Mahneshan,زنجان
738,دندي,Dandi,زنجان
739,ياسوكند,Yasukand,كردستان
740,اميركلا,Amirkala,مازندران
741,بابل,Babol,مازندران
742,كياكلا,Kiyakola,مازندران
743,كله بست,Kalehbast,مازندران
744,زرگرمحله,Zargarmahalleh,مازندران
745,بهنمير,Behnamir,مازندران
746,گتاب,Gatab,مازندران
747,جويبار,Juybar,مازندران
748,قائم شهر,Qaemshahr,مازندران
749,ساري,Sari,مازندران
750,سورك,Surak,مازندران
751,نكا,Neka,مازندران
752,رستمكلا,Rostamkola,مازندران
753,بهشهر,Behshahr,مازندران
754,گلوگاه,Galugah,مازندران
755,نوكنده,Nowkandeh,گلستان
756,كوهي خيل,Kuhikheyl,مازندران
757,مرزيكلا,Marzikela,مازندران
758,شيرگاه,Shirgah,مازندران
759,زيرآب,Zirab,مازندران
760,پل سفيد,Polsefid,مازندران
761,گلوگاه,Galugah,مازندران
762,فريم,Farim,مازندران
763,كياسر,Kiyasar,مازندران
764,خوش رودپي,Khoshrudpey,مازندران
765,خليل شهر,Khalilshahr,مازندران
766,آلاشت,Alasht,مازندران
767,چورزق,Chavarzaq,زنجان
768,رستم آباد,Rostamabad,گيلان
769,زرين آباد,Zarrinabad,زنجان
770,سيردان,Sirdan,قزوين
771,حلب,Halab,زنجان
772,سجاس,Sojas,زنجان
773,قيدار,Qeydar,زنجان
774,آب بر,Abbar,زنجان
775,سلطانيه,Soltaniyeh,زنجان
776,صائين قلعه,Saeenqaleh,زنجان
777,هيدج,Hidaj,زنجان
778,خرمدره,Khorramdarreh,زنجان
779,ابهر,Abhar,زنجان
780,منجيل,Manjil,گيلان
781,رودبار,Rudbar,گيلان
782,خمام,Khomam,گيلان
783,سنگر,Sangar,گيلان
784,لاهيجان,Lahijan,گيلان
785,خشكبيجار,Khoshkebijar,گيلان
786,لشت نشاء,Lasht-e nesha,گيلان
787,كياشهر,Kiyashahr,گيلان
788,كوچصفهان,Kuchesfahan,گيلان
789,سياهكل,Siyahkal,گيلان
790,آستانه اشرفيه,Astaneh-ye Ashrafiyeh,گيلان
791,رودبنه,Rudbeneh,گيلان
792,لنگرود,Langerud,گيلان
793,كومله,Komoleh,گيلان
794,شلمان,Shalman,گيلان
795,اطاقور,Otaqvar,گيلان
796,املش,Amlash,گيلان
797,رانكوه,Rankuh,گيلان
798,رحيم آباد,Rahimabad,گيلان
799,سلماس,Salmas,آذربايجان غربي
800,تازه شهر,Tazehshahr,آذربايجان غربي
801,خوي,Khoy,آذربايجان غربي
802,فيرورق,Firuraq,آذربايجان غربي
803,ايواوغلي,Eyvoghli,آذربايجان غربي
804,خاروانا,Kharvana,آذربايجان شرقي
805,زنوز,Zonuz,آذربايجان شرقي
806,بناب جديد,Bonab-e Jadid,آذربايجان شرقي
807,صوفيان,Sufiyan,آذربايجان شرقي
808,سيس,Sis,آذربايجان شرقي
809,شبستر,Shabestar,آذربايجان شرقي
810,يامچي,Yamchi,آذربايجان شرقي
811,كشكسراي,Koshksaray,آذربايجان شرقي
812,خامنه,Khameneh,آذربايجان شرقي
813,شندآباد,Shendabad,آذربايجان شرقي
814,كوزه كنان,Kuzehkonan,آذربايجان شرقي
815,شرفخانه,Sharafkhaneh,آذربايجان شرقي
816,تسوج,Tasuj,آذربايجان شرقي
817,هاديشهر,Hadishahr,آذربايجان شرقي
818,جلفا,Jolfa,آذربايجان شرقي
819,قره ضياءالدين,Qarahziyaaddin,آذربايجان غربي
820,سيه رود,Siyahrud,آذربايجان شرقي
821,سردرود,Sardrud,آذربايجان شرقي
822,وايقان,Vayqan,آذربايجان شرقي
823,جعفرآباد,Jafarabad,اردبيل
824,بيله سوار,Bilehsowar,اردبيل
825,گرمي,Germi,اردبيل
826,آمل,Amol,مازندران
827,كلاردشت,Kelardasht,مازندران
828,مرزن آباد,Marzanabad,مازندران
829,بلده,Baladeh,مازندران
830,دابودشت,Dabudasht,مازندران
831,چمستان,Chamestan,مازندران
832,پلدشت,Poldasht,آذربايجان غربي
833,اصلاندوز,Aslanduz,اردبيل
834,پارس آباد,Parsabad,اردبيل
835,آبش احمد,Abeshahmad,آذربايجان شرقي
836,خمارلو,Khomarlu,آذربايجان شرقي
837,سرو,Sero,آذربايجان غربي
838,سيلوانه,Silvaneh,آذربايجان غربي
839,نظركهريزي,Nazarkahrizi,آذربايجان شرقي
840,خراجو,Kharaju,آذربايجان شرقي
841,قره آغاج,Qarahaghaj,آذربايجان شرقي
842,ترك,Tark,آذربايجان شرقي
843,ميانه,Miyaneh,آذربايجان شرقي
844,سراب,Sarab,آذربايجان شرقي
845,تركمانچاي,Torkamanchay,آذربايجان شرقي
846,هشترود,Hashtrud,آذربايجان شرقي
847,تيكمه داش,Tikmedash,آذربايجان شرقي
848,بستان آباد,Bostanabad,آذربايجان شرقي
849,شربيان,Sharabiyan,آذربايجان شرقي
850,دوزدوزان,Duzduzan,آذربايجان شرقي
851,ربط,Rabat,آذربايجان غربي
852,كاني سور,Kanisur,كردستان
853,پيرانشهر,Piranshahr,آذربايجان غربي
854,مياندوآب,Miyandoab,آذربايجان غربي
855,بوكان,Bukan,آذربايجان غربي
856,سقز,Saqez,كردستان
857,نالوس,Nalus,آذربايجان غربي
858,نقده,Naqadeh,آذربايجان غربي
859,محمديار,Mohammadyar,آذربايجان غربي
860,گردكشانه,Gerdkeshaneh,آذربايجان غربي
861,مهاباد,Mahabad,آذربايجان غربي
862,ميرآباد,Mirabad,آذربايجان غربي
863,سردشت,Sardasht,آذربايجان غربي
864,صاحب,Saheb,كردستان
865,سيمينه,Simineh,آذربايجان غربي
866,كشاورز,Keshavarz,آذربايجان غربي
867,باروق,Baroq,آذربايجان غربي
868,تازه كندانگوت,Tazehkand-e Ongut,اردبيل
869,مرند,Marand,آذربايجان شرقي
870,سهند,Sahand,آذربايجان شرقي
871,ديزج ديز,Dizaj-e Diz,آذربايجان غربي
872,شريفيه,Sharifiyeh,قزوين
873,فخرآباد,Fakhrabad,اردبيل
874,اردبيل,Ardebil,اردبيل
875,اروميه,Orumiyeh,آذربايجان غربي
876,رشت,Rasht,گيلان
877,زنجان,Zanjan,زنجان
878,قم,Qom,قم
879,كرهرود,Karhrud,مركزي
880,اراك,Arak,مركزي
881,همدان,Hamedan,همدان
882,كرمانشاه,Kermanshah,كرمانشاه
883,خرم آباد,Khorramabad,لرستان
884,تازه كند,Tazehkand,اردبيل
885,سراب باغ,Sarabbagh,ايلام
886,شاهو,Shahu,كرمانشاه
887,بندرگز,Bandar-e Gaz,گلستان
888,لوندويل,Lavandevil,گيلان
889,حويق,Haviq,گيلان
890,ليسار,Lisar,گيلان
891,بندرانزلي,Bandar-e Anzali,گيلان
892,رودسر,Rudsar,گيلان
893,كلاچاي,Kelachay,گيلان
894,واجارگاه,Vajargah,گيلان
895,چابكسر,Chaboksar,گيلان
896,رامسر,Ramsar,مازندران
897,كتالم وسادات شهر,Katalom va Sadatshahr,مازندران
898,تنكابن,Tonekabon,مازندران
899,خرم آباد,Khorramabad,مازندران
900,شيرود,Shirud,مازندران
901,نشتارود,Nashtarud,مازندران
902,عباس آباد,Abbasabad,مازندران
903,سلمان شهر,Salmanshahr,مازندران
904,چالوس,Chalus,مازندران
905,كلارآباد,Kelarabad,مازندران
906,نوشهر,Nowshahr,مازندران
907,رويان,Royan,مازندران
908,نور,Nur,مازندران
909,ايزدشهر,Izadshahr,مازندران
910,محمودآباد,Mahmudabad,مازندران
911,فريدونكنار,Fereydunkenar,مازندران
912,سرخرود,Sorkhrud,مازندران
913,بابلسر,Babolsar,مازندران
914,كاريز,Kariz,خراسان رضوي
915,اسفدن,Esfeden,خراسان جنوبي
916,جندق,Jandaq,اصفهان
917,سربيشه,Sarbisheh,خراسان جنوبي
918,يونسي,Yunesi,خراسان رضوي
919,بجستان,Bajestan,خراسان رضوي
920,بيدخت,Beydokht,خراسان رضوي
921,قاسم آباد,Qasemabad,خراسان رضوي
922,جنگل,Jangal,خراسان رضوي
923,سلامي,Salami,خراسان رضوي
924,بايگ,Bayg,خراسان رضوي
925,كدكن,Kadkan,خراسان رضوي
926,رباط سنگ,Robatsang,خراسان رضوي
927,ملك آباد,Malekabad,خراسان رضوي
928,فريمان,Fariman,خراسان رضوي
929,قلندرآباد,Qalandarabad,خراسان رضوي
930,آيسك,Ayask,خراسان جنوبي
931,دولت آباد,Dowlatabad,خراسان رضوي
932,اسديه,Asadiyeh,خراسان جنوبي
933,مود,Mud,خراسان جنوبي
934,خوسف,Khosf,خراسان جنوبي
935,خور,Khur,اصفهان
936,طبس,Tabas,يزد
937,ديهوك,Deyhuk,يزد
938,بشرويه,Boshruyeh,خراسان جنوبي
939,سه قلعه,Sehqaleh,خراسان جنوبي
940,سرايان,Sarayan,خراسان جنوبي
941,نيمبلوك,Nimboluk,خراسان جنوبي
942,قائن,Qaen,خراسان جنوبي
943,آرين شهر,Aryanshahr,خراسان جنوبي
944,زهان,Zahan,خراسان جنوبي
945,حاجي آباد,Hajiabad,خراسان جنوبي
946,عشق آباد,Eshqabad,يزد
947,فردوس,Ferdows,خراسان جنوبي
948,اسلاميه,Eslamiyeh,خراسان جنوبي
949,كاخك,Kakhk,خراسان رضوي
950,گناباد,Gonabad,خراسان رضوي
951,فيض آباد,Feyzabad,خراسان رضوي
952,خضري دشت بياض,Khezri-ye Dasht-e Bayaz,خراسان جنوبي
953,رشتخوار,Roshtkhar,خراسان رضوي
954,باخرز,Bakharz,خراسان رضوي
955,تايباد,Taybad,خراسان رضوي
956,خواف,Khaf,خراسان رضوي
957,سنگان,Sangan,خراسان رضوي
958,مشهدريزه,Mashhadrizeh,خراسان رضوي
959,نشتيفان,Nashtifan,خراسان رضوي
960,محمدشهر,Mohammadshahr,خراسان جنوبي
961,ريوش,Riyush,خراسان رضوي
962,خليل آباد,Khalilabad,خراسان رضوي
963,كاشمر,Kashmar,خراسان رضوي
964,كندر,Kondor,خراسان رضوي
965,بردسكن,Bardaskan,خراسان رضوي
966,انابد,Anabod,خراسان رضوي
967,ششتمد,Sheshtamad,خراسان رضوي
968,تربت حيدريه,Torbat-e Heydariyeh,خراسان رضوي
969,فرهادگرد,Farhadgerd,خراسان رضوي
970,تربت جام,Torbat-e Jam,خراسان رضوي
971,نيل شهر,Nilshahr,خراسان رضوي
972,نصرآباد,Nasrabad,خراسان رضوي
973,صالح آباد,Salehabad,خراسان رضوي
974,سفيدسنگ,Sefidsang,خراسان رضوي
975,احمدآبادصولت,Ahmadabad-e Sowlat,خراسان رضوي
976,حصارگرمخان,Hesargarmkhan,خراسان شمالي
977,لوجلي,Lojali,خراسان شمالي
978,باجگيران,Bajgiran,خراسان رضوي
979,شيروان,Shirvan,خراسان شمالي
980,اسفراين,Esfarayen,خراسان شمالي
981,فاروج,Faruj,خراسان شمالي
982,پيش قلعه,Pishqaleh,خراسان شمالي
983,راز,Raz,خراسان شمالي
984,بجنورد,Bojnurd,خراسان شمالي
985,مراوه تپه,Maravehtappeh,گلستان
986,آشخانه,Ashkhaneh,خراسان شمالي
987,قاضي,Qazi,خراسان شمالي
988,شوقان,Showqan,خراسان شمالي
989,سنخواست,Sankhast,خراسان شمالي
990,اينچه برون,Inchehborun,گلستان
991,گميش تپه,Gomishtappeh,گلستان
992,سيمين شهر,Siminshahr,گلستان
993,آق قلا,Aqqala,گلستان
994,انبارآلوم,Anbaralum,گلستان
995,خان ببين,Khanbebin,گلستان
996,دلند,Daland,گلستان
997,راميان,Ramiyan,گلستان
998,آزادشهر,Azadshahr,گلستان
999,نوده خاندوز,Nowdeh Khanduz,گلستان
1000,نگين شهر,Neginshahr,گلستان
1001,گنبدكاووس,Gonbad-e Kavows,گلستان
1002,مينودشت,Minudasht,گلستان
1003,گاليكش,Galikesh,گلستان
1004,كلاله,Kalaleh,گلستان
1005,شاهرود,Shahrud,سمنان
1006,سرخنكلاته,Sorkhankalateh,گلستان
1007,ديباج,Dibaj,سمنان
1008,دامغان,Damghan,سمنان
1009,مجن,Mojen,سمنان
1010,بسطام,Bastam,سمنان
1011,كلاته خيج,Kalateh-ye Khij,سمنان
1012,علي آباد,Aliabad,گلستان
1013,فاضل آباد,Fazelabad,گلستان
1014,بندرتركمن,Bandar-e Torkaman,گلستان
1015,كردكوي,Kordkuy,گلستان
1016,ميامي,Mayamey,سمنان
1017,درق,Daraq,خراسان شمالي
1018,بيارجمند,Biyarjomand,سمنان
1019,قوچان,Quchan,خراسان رضوي
1020,نوخندان,Nowkhandan,خراسان رضوي
1021,درگز,Daregaz,خراسان رضوي
1022,چاپشلو,Chapeshlu,خراسان رضوي
1023,لطف آباد,Lotfabad,خراسان رضوي
1024,صفي آباد,Safiabad,خراسان شمالي
1025,نقاب,Neqab,خراسان رضوي
1026,جغتاي,Joghatay,خراسان رضوي
1027,سلطان آباد,Soltanabad,خراسان رضوي
1028,سبزوار,Sabzevar,خراسان رضوي
1029,روداب,Rudab,خراسان رضوي
1030,داورزن,Davarzan,خراسان رضوي
1031,چكنه,Chekeneh,خراسان رضوي
1032,فيروزه,Firuzeh,خراسان رضوي
1033,عشق آباد,Eshqabad,خراسان رضوي
1034,نيشابور,Neyshabur,خراسان رضوي
1035,خرو,Kharv,خراسان رضوي
1036,قدمگاه,Qadamgah,خراسان رضوي
1037,درود,Darud,خراسان رضوي
1038,چناران,Chenaran,خراسان رضوي
1039,شانديز,Shandiz,خراسان رضوي
1040,طرقبه,Torqabeh,خراسان رضوي
1041,رضويه,Razaviyeh,خراسان رضوي
1042,شهرزو,Shahrezu,خراسان رضوي
1043,سرخس,Sarakhs,خراسان رضوي
1044,مزدآوند,Mazdavand,خراسان رضوي
1045,بار,Bar,خراسان رضوي
1046,گلمكان,Golmakan,خراسان رضوي
1047,كلات,Kalat,خراسان رضوي
1048,اميريه,Amiriyeh,سمنان
1049,جلين,Jelin,گلستان
1050,ايور,Ivar,خراسان شمالي
1051,مشهد,Mashhad,خراسان رضوي
1052,گرگان,Gorgan,گلستان
1053,بيرجند,Birjand,خراسان جنوبي
1054,قهستان,Qohestan,خراسان جنوبي
1055,طبس مسينا,Tabas-e Masina,خراسان جنوبي
1056,فراشبند,Farashband,فارس
1057,فيروزآباد,Firuzabad,فارس
1058,ميمند,Meymand,فارس
1059,بنارويه,Bonaruyeh,فارس
1060,انديمشك,Andimeshk,خوزستان
1061,مسجدسليمان,Masjedsoleyman,خوزستان
1062,استهبان,Estahban,فارس
1063,درچه پياز,Dorchehpiyaz,اصفهان
1064,اصفهان,Esfahan,اصفهان
1065,گرمه,Garmeh,خراسان شمالي
1066,جاجرم,Jajarm,خراسان شمالي
1067,كيش,Kish,هرمزگان
1068,گوهران,Gowharan,هرمزگان
1069,سردشت,Sardasht,هرمزگان
1070,بندرامام خميني,Bandar-e Emamkhomeyni,خوزستان
